{
    "AS_Form_e7a0c415216c409a985fdc9f649e8ca8": {
        "id": "AS_Form_e7a0c415216c409a985fdc9f649e8ca8",
        "type": "ACTION_SEQUENCE",
        "params": [{
            "datatype": "collection",
            "name": "eventobject"
        }],
        "contextObj": {
            "name": "frmBarcode",
            "type": "forms",
            "platform": "",
            "KUID": "ec001a45208e422eaf09635aacba3eca"
        },
        "language": "js",
        "actions": [{
            "id": "ADD_SNIPPET__d174322b06d34ab382c0b3fe3f1be5b9",
            "type": "ADD_SNIPPET",
            "codeSnippet": "this.view.barcodescanner.scanCode();",
            "parentId": null,
            "callbackType": null
        }]
    }
}