{
    "AS_UWI_c04561824b134c5395fad826d36e5a5c": {
        "id": "AS_UWI_c04561824b134c5395fad826d36e5a5c",
        "type": "ACTION_SEQUENCE",
        "params": [{
            "name": "scannedData",
            "datatype": "collection"
        }],
        "contextObj": {
            "name": "frmBarcode",
            "type": "forms",
            "platform": "",
            "KUID": "ec001a45208e422eaf09635aacba3eca"
        },
        "language": "js",
        "actions": [{
            "id": "ADD_SNIPPET__e16458e9a0bc4684bc29475d2e7614a2",
            "type": "ADD_SNIPPET",
            "codeSnippet": "var resultData = {scanData: scannedData};\nkony.application.sendLibraryResultToNativeApp (resultData) ;\nkony.application.exitLibrary();\n",
            "parentId": null,
            "callbackType": null
        }]
    }
}