{
    "@class": "com.kony.gen.viz.model.component.KVizUserWidget",
    "DNDConfig": null,
    "__parentReadjusting__": false,
    "_children_": [],
    "_height_": {
        "type": "string",
        "value": "8%"
    },
    "_left_": {
        "type": "string",
        "value": "70dp"
    },
    "_margin_": [
        0,
        0,
        0,
        0
    ],
    "_orientation_": 1,
    "_padding_": [
        0,
        0,
        0,
        0
    ],
    "_percent_": true,
    "_skin_": "sb2d29f4619b47bf8572797cd3c1865e",
    "_top_": {
        "type": "string",
        "value": "0dp"
    },
    "_width_": {
        "type": "string",
        "value": "59.30%"
    },
    "autogrowmode": 0,
    "canUpdateUI": true,
    "clipbounds": true,
    "containerweight": 0,
    "data": {
        "btnText": "Scan Barcode/QRCode",
        "ide_afterScan": "AS_UWI_c04561824b134c5395fad826d36e5a5c"
    },
    "enablescrolling": true,
    "id": "barcodescanner",
    "info": null,
    "iscustomlayout": false,
    "isvisible": false,
    "kuid": "f655808414cd4522812d98908fd8074a",
    "layouttype": 2,
    "masterType": 1,
    "name": "kony.ui.UserWidgetInstance",
    "parent": "frmBarcode",
    "pf": "frmBarcode",
    "retaincontentalignment": false,
    "retainflexpositionproperties": false,
    "snapgridsize": 10,
    "snaptogrid": true,
    "sourceUserWidget": "ecab00148ed240398b229618e346e2f3",
    "wType": "UserWidgetInstance"
}