{
    "AS_Button_e73ecd1a2790455785f8f29bcdc0ab97": {
        "id": "AS_Button_e73ecd1a2790455785f8f29bcdc0ab97",
        "type": "ACTION_SEQUENCE",
        "params": [{
            "datatype": "collection",
            "name": "eventobject"
        }],
        "contextObj": {
            "name": "uwue01f1f5204b49fea4ff8c55e69ca9e7",
            "type": "userwidgets",
            "KUID": "ue01f1f5204b49fea4ff8c55e69ca9e7"
        },
        "language": "js",
        "actions": [{
            "id": "INVOKE_FUNCTION___c707ab29f49c41f89dc35d7efb09a268",
            "type": "INVOKE_FUNCTION",
            "sequenceKUID": "scanCode",
            "display": "scanCode",
            "inputparams": [],
            "parentId": null,
            "callbackType": null,
            "disabled": null,
            "source": "controller"
        }]
    }
}