{
    "NativeFunctionAPI": {
        "iOS": {
            "11.0": {
                "Kony_SyncV2-iOS-11.0": {
                    "title": "Kony_SyncV2",
                    "platform": "iOS",
                    "os": "11.0",
                    "url": "D:\\KonyVisualizerEnterprise_8.3.0.64\\Kony_Visualizer_Enterprise\\configuration\\org.eclipse.osgi\\bundles\\459\\1\\.cp\\resources\\sdk\\nativeBindings\\Kony_SyncV2-iOS-11.0.zip",
                    "filepath": "D:\\KonyVisualizerEnterprise_GA_8.3.0.0\\workspace\\Barcode\\nativebindings\\iOS\\11.0\\Kony_SyncV2-iOS-11.0.zip",
                    "enable": true,
                    "isDefault": true
                },
                "Kony_SDKCommons-iOS-11.0": {
                    "title": "Kony_SDKCommons",
                    "platform": "iOS",
                    "os": "11.0",
                    "url": "D:\\KonyVisualizerEnterprise_8.3.0.64\\Kony_Visualizer_Enterprise\\configuration\\org.eclipse.osgi\\bundles\\459\\1\\.cp\\resources\\sdk\\nativeBindings\\Kony_SDKCommons-iOS-11.0.zip",
                    "filepath": "D:\\KonyVisualizerEnterprise_GA_8.3.0.0\\workspace\\Barcode\\nativebindings\\iOS\\11.0\\Kony_SDKCommons-iOS-11.0.zip",
                    "enable": true,
                    "isDefault": true
                },
                "KonyBarcodeDetector-iOS-11.0": {
                    "title": "KonyBarcodeDetector",
                    "platform": "iOS",
                    "os": "11.0",
                    "url": "D:\\KonyVisualizerEnterprise_8.3.0.64\\workspace\\.imports\\.temp\\import1716880746\\nativebindings\\iOS\\11.0\\KonyBarcodeDetector-iOS-11.0.zip",
                    "filepath": "D:\\KonyVisualizerEnterprise_8.3.0.64\\workspace\\Barcode\\nativebindings\\iOS\\11.0\\KonyBarcodeDetector-iOS-11.0.zip",
                    "isDefault": false,
                    "enable": true
                }
            }
        },
        "Android": {
            "4.0": {
                "Kony_SDKCommons-Android-4.0": {
                    "title": "Kony_SDKCommons",
                    "platform": "Android",
                    "os": "4.0",
                    "url": "D:\\KonyVisualizerEnterprise_8.3.0.64\\Kony_Visualizer_Enterprise\\configuration\\org.eclipse.osgi\\bundles\\459\\1\\.cp\\resources\\sdk\\nativeBindings\\Kony_SDKCommons-Android-4.0.zip",
                    "filepath": "D:\\KonyVisualizerEnterprise_GA_8.3.0.0\\workspace\\Barcode\\nativebindings\\Android\\4.0\\Kony_SDKCommons-Android-4.0.zip",
                    "enable": true,
                    "isDefault": true
                },
                "Kony_SyncV2-Android-4.0": {
                    "title": "Kony_SyncV2",
                    "platform": "Android",
                    "os": "4.0",
                    "url": "D:\\KonyVisualizerEnterprise_8.3.0.64\\Kony_Visualizer_Enterprise\\configuration\\org.eclipse.osgi\\bundles\\459\\1\\.cp\\resources\\sdk\\nativeBindings\\Kony_SyncV2-Android-4.0.zip",
                    "filepath": "D:\\KonyVisualizerEnterprise_GA_8.3.0.0\\workspace\\Barcode\\nativebindings\\Android\\4.0\\Kony_SyncV2-Android-4.0.zip",
                    "enable": true,
                    "isDefault": true
                }
            },
            "7.1": {
                "GMStasks-Android-7.1": {
                    "title": "GMStasks",
                    "platform": "Android",
                    "os": "7.1",
                    "url": "D:\\KonyVisualizerEnterprise_8.3.0.64\\workspace\\.imports\\.temp\\import1716880746\\nativebindings\\Android\\7.1\\GMStasks-Android-7.1.zip",
                    "filepath": "D:\\KonyVisualizerEnterprise_8.3.0.64\\workspace\\Barcode\\nativebindings\\Android\\7.1\\GMStasks-Android-7.1.zip",
                    "isDefault": false,
                    "enable": true
                },
                "GMSVision-Android-7.1": {
                    "title": "GMSVision",
                    "platform": "Android",
                    "os": "7.1",
                    "url": "D:\\KonyVisualizerEnterprise_8.3.0.64\\workspace\\.imports\\.temp\\import1716880746\\nativebindings\\Android\\7.1\\GMSVision-Android-7.1.zip",
                    "filepath": "D:\\KonyVisualizerEnterprise_8.3.0.64\\workspace\\Barcode\\nativebindings\\Android\\7.1\\GMSVision-Android-7.1.zip",
                    "isDefault": false,
                    "enable": true
                },
                "barcodereader-Android-7.1": {
                    "title": "barcodereader",
                    "platform": "Android",
                    "os": "7.1",
                    "url": "D:\\KonyVisualizerEnterprise_8.3.0.64\\workspace\\.imports\\.temp\\import1716880746\\nativebindings\\Android\\7.1\\barcodereader-Android-7.1.zip",
                    "filepath": "D:\\KonyVisualizerEnterprise_8.3.0.64\\workspace\\Barcode\\nativebindings\\Android\\7.1\\barcodereader-Android-7.1.zip",
                    "isDefault": false,
                    "enable": true
                },
                "GMSBase-Android-7.1": {
                    "title": "GMSBase",
                    "platform": "Android",
                    "os": "7.1",
                    "url": "D:\\KonyVisualizerEnterprise_8.3.0.64\\workspace\\.imports\\.temp\\import1716880746\\nativebindings\\Android\\7.1\\GMSBase-Android-7.1.zip",
                    "filepath": "D:\\KonyVisualizerEnterprise_8.3.0.64\\workspace\\Barcode\\nativebindings\\Android\\7.1\\GMSBase-Android-7.1.zip",
                    "isDefault": false,
                    "enable": true
                },
                "GMSbasement-Android-7.1": {
                    "title": "GMSbasement",
                    "platform": "Android",
                    "os": "7.1",
                    "url": "D:\\KonyVisualizerEnterprise_8.3.0.64\\workspace\\.imports\\.temp\\import1716880746\\nativebindings\\Android\\7.1\\GMSbasement-Android-7.1.zip",
                    "filepath": "D:\\KonyVisualizerEnterprise_8.3.0.64\\workspace\\Barcode\\nativebindings\\Android\\7.1\\GMSbasement-Android-7.1.zip",
                    "isDefault": false,
                    "enable": true
                }
            }
        }
    }
}