{
    "mwaddrkey": "",
    "wap_android360_fontsize": "13",
    "isA11yConfigEnabled": false,
    "watchos_notificationcentericon_42": "",
    "wap_android440_fontsize": "15",
    "apppackagekey": "",
    "nativeContainerProperties": {
        "isEnableJSContainerAndroid": true,
        "isModified": true,
        "isEnableJSContaineriOS": true,
        "isEnableJSContainer": true
    },
    "wap_android400_fontsize": "14",
    "wap_spaandroidtabhdpi_fontsize": "18",
    "watchos_homeScreen40": "",
    "cordovaVersionInfo": {
        "useGlobalCordova": false
    },
    "appversionkey": "1.0.0",
    "enableasyncdesktopweb": true,
    "project.type": "js",
    "startupformkey": "ec001a45208e422eaf09635aacba3eca",
    "wap_bb480_fontsize": "17",
    "wap_winphone480_fontsize": "12",
    "enableCustomData": false,
    "wap_android640_fontsize": "19",
    "vendornamekey": "KonyLabs",
    "wap_android320_fontsize": "12",
    "createdgaversion": "8.3.0",
    "watchos_notificationcentericon_38": "",
    "isMVC": true,
    "enableasyncspa": true,
    "watchos_shortlooknotificationicon_42": "",
    "enableactionbar": false,
    "wap_android480_fontsize": "16",
    "mastersProperties": {
        "mastersVersion": "2.0.0"
    },
    "wap_winphone320_fontsize": "12",
    "watchos_longlooknotificationicon_42": "",
    "watchos_companionSettings3x29": "",
    "appmenu": {
        "tablet": {
            "data": [
                {
                    "windows8": {
                        "appBarButtonStyle": "No Style",
                        "position": "BOTTOM_LEFT"
                    },
                    "android": {
                        "showAsFlag": 0
                    },
                    "kuid": "bad48509ba914b569236eaf3d5a34b3c",
                    "icon": {
                        "default": "option1.png"
                    },
                    "id": "appmenuitemid1",
                    "title": "Item 1"
                },
                {
                    "windows8": {
                        "appBarButtonStyle": "No Style",
                        "position": "BOTTOM_LEFT"
                    },
                    "android": {
                        "showAsFlag": 0
                    },
                    "kuid": "iee03b2a65ff4f2e93d231a3382be36d",
                    "icon": {
                        "default": "option2.png"
                    },
                    "id": "appmenuitemid2",
                    "title": "Item 2"
                },
                {
                    "windows8": {
                        "appBarButtonStyle": "No Style",
                        "position": "BOTTOM_LEFT"
                    },
                    "android": {
                        "showAsFlag": 0
                    },
                    "kuid": "j9c3fe66a7cc4a6a8db55f9a3db02f70",
                    "icon": {
                        "default": "option3.png"
                    },
                    "id": "appmenuitemid3",
                    "title": "Item 3"
                },
                {
                    "windows8": {
                        "appBarButtonStyle": "No Style",
                        "position": "BOTTOM_LEFT"
                    },
                    "android": {
                        "showAsFlag": 0
                    },
                    "kuid": "adcc92ac438d4d93a4c87b24c2170789",
                    "icon": {
                        "default": "option4.png"
                    },
                    "id": "appmenuitemid4",
                    "title": "Item 4"
                }
            ]
        },
        "desktop": {
            "data": [
                {
                    "kuid": "c6a8f639a7fd472e9da3f8f54d93816c",
                    "icon": {
                        "default": "option1.png"
                    },
                    "id": "appmenuitemid1",
                    "title": "Item 1"
                },
                {
                    "kuid": "he1afe11427247119180438eb00847de",
                    "icon": {
                        "default": "option2.png"
                    },
                    "id": "appmenuitemid2",
                    "title": "Item 2"
                },
                {
                    "kuid": "haad007bee724caba2150f620597b34c",
                    "icon": {
                        "default": "option3.png"
                    },
                    "id": "appmenuitemid3",
                    "title": "Item 3"
                },
                {
                    "kuid": "d8a3ee9691f44d2489266a0de2b6a423",
                    "icon": {
                        "default": "option4.png"
                    },
                    "id": "appmenuitemid4",
                    "title": "Item 4"
                }
            ]
        },
        "focusskin": null,
        "osVersion": "iOS7",
        "wType": "Appmenu",
        "focusSkin": null,
        "mobile": {
            "data": [
                {
                    "kuid": "c29368c1b5594339911f0f99e354c770",
                    "android": {
                        "showAsFlag": 0
                    },
                    "icon": {
                        "default": "option1.png"
                    },
                    "id": "appmenuitemid1",
                    "title": "Item 1"
                },
                {
                    "kuid": "d00ff9dd9b9341da92dba123c3893c5e",
                    "android": {
                        "showAsFlag": 0
                    },
                    "icon": {
                        "default": "option2.png"
                    },
                    "id": "appmenuitemid2",
                    "title": "Item 2"
                },
                {
                    "kuid": "ca30a959bf884272a195ae74dc5e874e",
                    "android": {
                        "showAsFlag": 0
                    },
                    "icon": {
                        "default": "option3.png"
                    },
                    "id": "appmenuitemid3",
                    "title": "Item 3"
                },
                {
                    "kuid": "if06ccdcbc3e4258951c5f8afcb595ad",
                    "android": {
                        "showAsFlag": 0
                    },
                    "icon": {
                        "default": "option4.png"
                    },
                    "id": "appmenuitemid4",
                    "title": "Item 4"
                }
            ]
        },
        "skin": null,
        "osPlatform": ""
    },
    "wap_spaipad_fontsize": "17",
    "mwportkey": "",
    "cordovaModified": false,
    "watchos_watchMarketing1x": "",
    "mwhttpsportkey": "",
    "wap_bb440_fontsize": "15",
    "cloud_account_guid": "147abad9-e5d0-4108-ab0b-70743455dc49",
    "wap_bb400_fontsize": "14",
    "appidkey": "Barcode",
    "statusBarHidden": "false",
    "wap_bb360_fontsize": "13",
    "isNewAppWithRespectToAndroidPackageName": "",
    "wap_spawindowstab_fontsize": "17",
    "defaulttheme": "defaultTheme",
    "watchos_companionSettings2x29": "",
    "watchos_shortlooknotificationicon_38": "",
    "enablexfsspa": false,
    "enableResponsive": true,
    "appaddrkey": "",
    "appnamekey": "Barcode",
    "currentgaversion": "8.3.0",
    "enablexfsdw": false,
    "wap_bb320_fontsize": "15",
    "enableCordova": false,
    "wap_bb240_fontsize": "12",
    "enableIdForAutomation": false,
    "desktopwebbasefontsize": "16",
    "enableProgressiveWeb": false,
    "wap_android240_fontsize": "10",
    "isDeveloperMode": true,
    "wap_spaandroidtabldpi_fontsize": "14",
    "wap_spaandroidtabmdpi_fontsize": "16",
    "konyVizVersion": "8.3.0",
    "isDpScaleFactor": true,
    "wap_spaandroidtab_fontsize": "17",
    "referenceWidth": "375",
    "winmobileguidkey": "",
    "APPLICATION_THEME": "default",
    "build": "debug",
    "project_version": "sprint32",
    "wap_ip_fontsize": "12",
    "category": "app",
    "createdVizVersion": "8.3.0",
    "export.type": "studioviz"
}