{
    "@class": "com.kony.gen.viz.model.component.KVizButton",
    "DNDConfig": null,
    "__parentReadjusting__": false,
    "_height_": {
        "type": "string",
        "value": "100%"
    },
    "_left_": {
        "type": "string",
        "value": "0dp"
    },
    "_margin_": [
        6,
        6,
        6,
        6
    ],
    "_padding_": [
        0,
        0,
        0,
        0
    ],
    "_skin_": "s990c365d92e45899990853edb1fc488",
    "_text_": "Scan Barcode/QRCode",
    "_top_": {
        "type": "string",
        "value": "0dp"
    },
    "_width_": {
        "type": "string",
        "value": "100%"
    },
    "canUpdateUI": true,
    "containerweight": 100,
    "contentalignment": 5,
    "displaytext": true,
    "focusskin": "s990c365d92e45899990853edb1fc488",
    "id": "btnScan",
    "ide_onClick": "AS_Button_e73ecd1a2790455785f8f29bcdc0ab97",
    "info": null,
    "iscustomlayout": false,
    "isvisible": true,
    "kuid": "d3bb84be936d4c2ab570d75b4eacfd4d",
    "name": "kony.ui.Button",
    "parent": "barcodescanner",
    "pf": "userwidgetmodel",
    "retaincontentalignment": false,
    "retainflexpositionproperties": false,
    "wType": "Button",
    "zindex": 1
}