{
    "@class": "com.kony.gen.viz.model.component.KVizLabel",
    "DNDConfig": null,
    "__parentReadjusting__": false,
    "_height_": {
        "type": "string",
        "value": "60%"
    },
    "_left_": {
        "type": "string",
        "value": "4%"
    },
    "_margin_": [
        1,
        1,
        1,
        1
    ],
    "_padding_": [
        0,
        0,
        0,
        0
    ],
    "_skin_": "s85293082d58458cb5d164490b05d315",
    "_text_": "Heading",
    "_top_": {
        "type": "string",
        "value": "22.22%"
    },
    "_width_": {
        "type": "string",
        "value": "75%"
    },
    "_wrapping_": 2,
    "android": {
        "textStyle": {
            "letterSpacing": 0,
            "strikeThrough": false
        }
    },
    "canUpdateUI": true,
    "centery": {
        "type": "string",
        "value": "50%"
    },
    "containerId": true,
    "containerweight": 100,
    "contentalignment": 4,
    "id": "lblHeading",
    "info": null,
    "ipad": {
        "psp": {
            "wrapping": 2
        }
    },
    "iphone": {
        "psp": {
            "wrapping": 2
        }
    },
    "isvisible": true,
    "kuid": "ea2966274bba4fcdb6d84c91a0126eec",
    "maxwidth": {
        "type": "string",
        "value": "50%"
    },
    "name": "kony.ui.Label",
    "parent": "flxSectionHeaderTemplate",
    "pf": "SampleSectionHeaderTemplate",
    "textstyle": {},
    "tooltip": "",
    "wType": "Label",
    "zindex": 1
}