{
    "classname": "barcodescanner",
    "definitions": {
        "apis": {
            "custom": [
                {
                    "group": "General",
                    "kuid": "dbdf960eb55f411ea47b03ee098a8b6a",
                    "paramList": [],
                    "propertyKey": "scanCode",
                    "pw": {
                        "displayName": "scanCode",
                        "uiRepresentation": "Label-Label-Button-Button"
                    },
                    "srcWgtKUID": "ecab00148ed240398b229618e346e2f3",
                    "type": "event"
                }
            ],
            "passthrough": []
        },
        "events": {
            "custom": [
                {
                    "group": "General",
                    "kuid": "a1cb076841b54481aff924bb8d95d758",
                    "paramList": [
                        {
                            "name": "scannedData"
                        }
                    ],
                    "propertyIndex": 1,
                    "propertyKey": "afterScan",
                    "pw": {
                        "displayName": "afterScan",
                        "uiRepresentation": "Label-Label-Button-Button"
                    },
                    "srcWgtKUID": "ecab00148ed240398b229618e346e2f3",
                    "type": "event"
                }
            ],
            "passthrough": []
        },
        "groups": {
            "apis": [
                "General"
            ],
            "events": [],
            "properties": [],
            "widgets": []
        },
        "properties": {
            "custom": [],
            "passthrough": [
                {
                    "access": "Enable",
                    "group": "General",
                    "kuid": "af386acc7d1b4aeb9c96bb2a961a2e98",
                    "originalPropertyKey": "skin",
                    "propertyIndex": 1,
                    "propertyKey": "scanSkin",
                    "pw": {
                        "access": "readwrite",
                        "category": "skin",
                        "dependentKeysKUIDs": null,
                        "displayName": "Scan Button Skin",
                        "srcWidget": "btnScan",
                        "wType": "Button"
                    },
                    "srcWgtKUID": "d3bb84be936d4c2ab570d75b4eacfd4d"
                },
                {
                    "access": "Enable",
                    "group": "General",
                    "kuid": "ib0bee40296f4bffb9fff475a817ea7c",
                    "originalPropertyKey": "text",
                    "propertyIndex": 2,
                    "propertyKey": "btnText",
                    "pw": {
                        "access": "readwrite",
                        "category": "look",
                        "dependentKeysKUIDs": null,
                        "displayName": "Button Text",
                        "srcWidget": "btnScan",
                        "type": "string",
                        "uiRepresentation": "Label-Textbox",
                        "wType": "Button"
                    },
                    "srcWgtKUID": "d3bb84be936d4c2ab570d75b4eacfd4d"
                },
                {
                    "access": "Enable",
                    "group": "General",
                    "kuid": "a17d44cefeae4652b3fecca6ff9c7dee",
                    "originalPropertyKey": "focusSkin",
                    "propertyIndex": 3,
                    "propertyKey": "scanFocusSkin",
                    "pw": {
                        "access": "readwrite",
                        "category": "skin",
                        "dependentKeysKUIDs": null,
                        "displayName": "Scan Button Focus Skin",
                        "srcWidget": "btnScan",
                        "wType": "Button"
                    },
                    "srcWgtKUID": "d3bb84be936d4c2ab570d75b4eacfd4d"
                }
            ]
        },
        "widgets": {
            "expose": [],
            "passthrough": []
        }
    },
    "namespace": "com.konymp",
    "version": "1.0.0"
}